CODIGO;EMPRESA;ANO;ANO.COD;X1.DEC_Apurada;X1.1.DEC_Limite;X1.2.DEC_V8;X2.FEC_Apurada;X2.1.FEC_Limite;X2.2.FEC_V8;X3.0.Fator_Q;X4.0.Desc_Perdas_Nao_Tec;X5.DGC;X6.UC_Total;X7.UC_AT;X8.UC_MT;X9.UC_BT;X10.Mercado_Total;X10.1.Mercado_Ponderado;X11.Mercado_AT;X12.Mercado_MT;X13.Mercado_BT;X14.Peso_AT;X15.Peso_MT;X16.Peso_BT;X17.Ind_Salarial;X18.1.Custos_Operacionais;X18.1.1.Custos_Operacionais_H;X18.1.2.Custos_Operacionais_AJ;X18.2.Pessoal;X18.2.1.Pessoal_H;X18.3.Materiais;X18.3.1.Materiais_H;X18.4.Serv_Terceiros;X18.4.1.Serv_Terceiros_H;X18.5.Seguros;X18.5.1.Seguros_H;X18.6.Tributos;X18.6.1.Tributos_H;X18.7.Outros;X18.7.1.Outros_H;X18.8.Estagiario;X18.8.1.Estagiario_H;X18.9.Comunicacao;X18.9.1.Comunicacao_H;X19.0.Cond_TOTAIS;X19.1.Cond_Trab;X19.1.1.Cond_Trab_H;X19.2.Cond_Civeis;X19.2.1.Cond_Civeis_H;X19.3.Cond_Fiscais;X19.3.1.Cond_Fiscais_H;X19.4.Cond_Ambientais;X19.4.1.Cond_Ambientais_H;X19.5.Cond_Outras;X19.5.1.Cond_Outras_H;X20.Contrib_CCEE;X20.1.Contrib_CCEE_H;X21.Custos_de_Desativacao;X21.1.Custos_de_Desativacao_H;X27.Demanda_Total;X28.Demanda_AT;X29.Demanda_MT;X30.Demanda_BT;X34.PNT_Medidas;X35.Meta_PNT;X35.2.Meta_PNT_4CRTP;X37.Rede;X38.0.1.BT_DIST_SEM_RAMAL;X38.0.2.BT_DIST_COM_RAMAL;X38.0.3.BT_DIST_AER_MUX;X38.1.BT_AEREA_DIST;X38.2.BT_MUX_DIST;X38.3.BT_SUBTERR_DIST;X38.4.BT_RAMAL_RAMAL_DIST;X39.0.1.MT_DIST;X39.0.2.MT_DIST_AER_MUX;X39.1.MT_AEREA_DIST;X39.2.MT_MUX_DIST;X39.3.MT_SUBTERR_DIST;X40.0.1.AT_DIST;X40.0.2.AT_DIST_AER_MUX;X40.1.AT_AEREA_DIST;X40.2.AT_MUX_DIST;X40.3.AT_SUBTERR_DIST;X43.Trafos_Distribuicao;X45.Trafos_AT;X45.1.Trafos_69;X45.2.Trafos_88_138;X45.3.Trafos_230;X46.Subestacoes_MT;X47.Subestacoes_AT;X47.1.Subestacoes_69;X47.2.Subestacoes_88_138;X47.3.Subestacoes_230;X48.MVA_Total;X49.MVA_MT;X50.MVA_AT;X50.1.MVA_69;X50.2.MVA_88_138;X50.3.MVA_230;X61.Compensacoes_Q;X62.Compensacoes_Reais;X18.1.3.OPEX_DESAT_CCEE;X18.1.3.0.OPEX_DESAT_CCEE_QUAL;X18.1.3.1.OPEX_DESAT_CCEE_QUAL_CR;X18.1.3.2.OPEX_DESAT_CCEE_QUAL_FQ;X18.1.3.3.OPEX_DESAT_CCEE_QUAL_PNT;X18.1.3.4.OPEX_DESAT_CCEE_QUAL_CR_FQ;X18.1.3.5.OPEX_DESAT_CCEE_QUAL_CR_PNT;X18.1.3.6.OPEX_DESAT_CCEE_QUAL_FQ_PNT;X18.1.4.OPEX_CTRAB_DESAT_CCEE;X18.1.5.OPEX_CTRAB_DESAT_CCEE_QUAL;X18.1.5.1.OPEX_CTRAB_DESAT_CCEE_QUAL_CR;X18.1.5.2.OPEX_CTRAB_DESAT_CCEE_QUAL_FQ;X18.1.5.3.OPEX_CTRAB_DESAT_CCEE_QUAL_PNT;X18.1.5.4.OPEX_CTRAB_DESAT_CCEE_QUAL_CR_FQ;X18.1.5.5.OPEX_CTRAB_DESAT_CCEE_QUAL_CR_PNT;X18.1.5.6.OPEX_CTRAB_DESAT_CCEE_QUAL_FQ_PNT;X18.1.6.OPEX_CTOT_DESAT_CCEE;X18.1.7.OPEX_CTOT_DESAT_CCEE_QUAL;X18.1.8.OPEX_DESAT_CCEE_QUAL
D02;AMAZONAS;MEDIA-2016-2018;MEDIA-2016-2018D02;40.24;47.77666667;18.6;25.50333333;45.46333333;9.84;1798.118257;-166558.7573;0.702953954;980253.6667;46.66666667;2992;977215;5926426.833;2585151.856;964404.08;1822433.578;3139589.175;0.062405942;0.3184367;0.619157358;0.933839967;467533752;473494800.7;499517.4532;261661334.7;266058864.7;7502195.114;7608267.05;185874081.7;188839772.8;1498881.875;1505799.563;3969819.331;4071576.753;5335358.05;8115779.695;509956.9404;526595.53;1182124.239;1222528.15;111495.8522;29257.9978;30594950;122870541.2;124684149.9;486240.297;492000;0;0;0;0;979.0417744;991720.2525;-253.1297534;-750423.17;19849601;10229719;9619882;0;1.27100735;0.4161315;0.4154;21335.1;6165.7;6165.7;6123.6;6123.6;0;42.1;0;15169.4;15113.6;15113.6;0;55.8;0;0;0;0;0;60075;53;52.66666667;0;0;0;20;20.33333333;0;0;1488.85;0;1419.916667;1419.916667;0;0;482176.6667;3235.79613;500243.3653;668239.8004;503479.1614;498445.247;666802.1225;501681.0431;670037.9187;665004.0043;529501.3631;697497.7982;532737.1592;527703.2448;696060.1203;530939.0409;699295.9165;694262.0021;611739.2174;779735.6526;668239.8004
D04;BANDEIRANTE;MEDIA-2016-2018;MEDIA-2016-2018D04;8.023333333;8.333333333;6.373333333;5.066666667;6.663333333;4.23;-446.524988;-26610.13908;0.861790877;1843333;89;4628.333333;1838615.667;14799363.68;5091747.418;5149186.48;4165952.138;5484225.059;0.071973204;0.279682299;0.648344496;1.000278353;379936875.1;384301984;379848.3834;162291264.1;165019127.4;15611582.25;15709775.29;166551948.8;169377337.5;1241475.355;1252146.353;6795807.73;6795960.163;26011508.11;26147637.33;938563.4899;971624.59;494725.2378;518126.1767;14093.8666;3623.017998;3739656.387;13767516.71;14371403.52;20081.1888;21035.645;0;0;1918675.003;1961004.44;1151.90224;1165173.029;41111.58206;41256990.4;44377650.33;24275093;20102557.33;0;0.132035933;0.079804415;0.0845;28314.9;12546.66667;12546.66667;12467.96667;8953.533333;3514.433333;78.7;0;14811.73333;14701.03333;14525.3;175.7333333;110.7;956.5;950.2;950.2;0;6.3;68716.66667;134;0;134;0;39;55;0;55;0;7947.585167;4048.748167;3848.791667;0;3848.791667;0;1535452;6057.836973;422111.8677;455226.3688;428169.7047;422558.3927;448722.0068;428616.2297;454779.8438;449168.5318;425734.8857;458849.3868;431792.7227;426181.4107;452345.0248;432239.2477;458402.8618;452791.5498;436205.7343;469320.2354;455226.3688
D05;BOA VISTA ENERGIA;MEDIA-2016-2018;MEDIA-2016-2018D05;39.92;21.735;16.44;80.365;34.44;9.05;-284.9756124;-17396.54784;2.450149708;162735.5;0;665;162070.5;923081.61;610491.7792;0;209750.6765;713330.9335;0;0.204201336;0.795798665;0.928400372;147893937.9;152200358.1;158439.2277;93375948.7;96513118.71;7537642.308;7712784.735;42122625.11;43537377.4;422429.7446;428194.575;525303.0132;528743.22;3411089.135;3480139.49;498899.8335;518222.545;0;ND;6893.068273;4387.917983;4622515.94;2505150.291;2631640.905;0;0;0;0;0;0;20.47897791;21332.02586;0;ND;1084129;0;1084129;0;0.357825079;0.031225845;0.0719;13194.99;0;0;0;0;0;0;0;0;0;0;0;0;0;0;0;0;0;4601;7;6.666666667;0;0;0;3;3;0;0;177.3333333;0;177.3333333;177.3333333;0;0;1;0;158459.7067;176141.2301;158459.7067;158744.6823;175856.2545;158744.6823;175856.2545;176141.2301;162847.6247;180529.1481;162847.6247;163132.6003;180244.1725;163132.6003;180244.1725;180529.1481;165352.775;183034.2984;176141.2301
D07;CEA;MEDIA-2016-2018;MEDIA-2016-2018D07;52.85;34.57333333;0;28.66666667;29.51;0;517.7224876;ND;1.316959304;202925.6667;1.666666667;587.6666667;202336.3333;1078222.279;ND;25631.66667;232642.7117;819947.9007;ND;ND;ND;0.933839967;96155422.67;98962989.83;102478.3759;61161301.02;94899477.79;1300807.124;1954082.26;21345986.57;33265951.57;58545.23417;172210.92;56801.56881;86859.59;11884803.79;18152008.1;248812.9182;382262.465;98364.43717;155850.075;31556.6197;5362.321152;8182550.575;4942995.912;5109000;34348451.92;35502000;0;0;0;0;120.2430894;185986.8329;10427.04856;16395305.59;1163148.333;90858.33333;1072290;0;ND;ND;0.371;0;0;0;0;0;0;0;0;0;0;0;0;0;0;0;0;0;0;7296;3;3.333333333;0;0;3;2;2.333333333;0;0;44.36666667;17.5;26.86666667;26.86666667;0;0;385595;3178.289875;113025.6675;ND;116203.9574;112507.945;ND;115686.2349;ND;ND;118387.9887;ND;121566.2785;117870.2662;ND;121048.5561;ND;ND;144582.2872;ND;ND
D08;CEAL;MEDIA-2016-2018;MEDIA-2016-2018D08;21.49;14.58666667;12.07;15.52;11.60333333;6.243333333;549.4875704;-28727.1989;1.415090564;1144210.667;36.33333333;2093.333333;1142081;3591096.76;1850399.672;523972.9467;924734.995;2142388.819;0.055170801;0.167148188;0.777681011;0.859874586;298754595.3;302731619.8;345727.8514;171763679.2;174789930.6;2486986.238;2507017.873;116636246.3;118914718.9;404001.0667;405462.83;3145775.067;3172766.923;2931709.381;2941722.777;637262.4961;658968.92;748935.5607;786505.5667;71437.9692;60622.40923;64034030.3;2975934.306;3081495.105;3108139.315;3283054.725;0;0;10139266.33;10534768.4;484.7503128;490847.3822;5728.495577;5854850.38;7082367.333;2978440.333;4103927;0;0.404909604;0.161113798;0.1567;41927.7;17641.4;17641.4;17641.4;16785.8;855.6;0;0;22435.8;22435.8;22433.4;2.4;0;1850.5;1850.5;1850.5;0;0;14179;79;78.66666667;0;0;38;37;37.33333333;0;0;929.5833333;0;929.5833333;929.5833333;0;0;1580835;3541.438884;351941.0973;383660.2475;355482.5362;351391.6097;380668.2962;354933.0486;384209.7351;380118.8086;412563.5065;444282.6567;416104.9454;412014.019;441290.7054;415555.4578;444832.1443;440741.2179;423379.0665;455098.2167;383660.2475
D02-0;CEAM;MEDIA-2016-2018;MEDIA-2016-2018D02-0;ND;ND;ND;ND;ND;ND;0;0;ND;0;ND;ND;ND;ND;ND;ND;ND;ND;ND;ND;ND;0.933839967;0;0;0;0;0;0;0;0;0;0;ND;0;ND;0;0;0;ND;0;ND;0;0;0;0;ND;0;ND;0;ND;0;ND;0;ND;0;ND;0;ND;ND;ND;ND;ND;ND;0;0;0;0;0;0;0;0;0;0;0;0;0;0;0;0;0;0;0;0;0;0;0;0;0;0;0;0;0;0;0;0;0;0;ND;ND;0;ND;ND;0;0;ND;ND;0;0;ND;ND;0;0;ND;ND;0;0;ND;ND
D09;CEB;MEDIA-2016-2018;MEDIA-2016-2018D09;8.89;9.573333333;5.993333333;7.06;8.003333333;3.683333333;2039.792988;-12869.08066;0.903621949;1057994;7;2259.333333;1055727.667;6509806.339;3420559.58;673367.899;1883525.857;3952912.583;0.00967154;0.241961164;0.748367297;0.984857896;358006150.2;361793219.5;363287.0348;218374076.8;221238399.8;2707839.433;2705930.923;128593450.3;130471714.8;1770019.536;1778589.053;2547850.486;2539106.227;3062767.791;3059478.637;731957.9202;751613.6533;218187.9897;220175.1367;7421.915237;2485.346499;2562004.34;1863833.454;1941854.91;0;0;0;0;5541019.65;5722293.155;766.4844694;777855.8652;3757.455391;3681103.907;14786389;5580939.333;9205449.667;0;0.092310614;0.058896249;0.0705;19662.7;8284.766667;8284.766667;7108.166667;5270.366667;1837.8;1176.6;0;10666.2;9820.4;9820.4;0;845.8;711.7333333;635.5;635.5;0;76.23333333;23949.66667;68;11;57;0;39;26.33333333;5;21.33333333;0;4606.155;3130.321667;1475.833333;102.5;1373.333333;0;1126261;5041.218832;367810.9746;383681.4811;372852.1935;365771.1816;380680.0553;370812.4005;385721.2741;378640.2623;370296.3211;386166.8276;375337.54;368256.5281;383165.4018;373297.747;388206.6206;381125.6088;375232.8899;391103.3964;383681.4811
D10;CEEE;MEDIA-2016-2018;MEDIA-2016-2018D10;16.39666667;11.2;7.216666667;10.25666667;9.306666667;4.756666667;-879.1670448;-138310.6794;1.281497959;1689851;45.33333333;5294.333333;1684511.333;8145643.787;4196386.784;858134.84;2511596.785;4775912.162;0.009827261;0.238989107;0.751183632;1.060218594;531519789.4;535975338.1;503706.7622;363570693.7;369313507.5;21979580.34;22091158.14;121121274.6;122459535;131080.3175;133347.36;8162814.798;8246214.02;13608708.7;13731576.14;2716914.668;2757706.027;228722.2495;238384.3733;29216.9011;12932.27484;13333135.55;23377987.1;24203989.9;822203.5979;838768.575;125510.8883;130246.925;101237.8017;104080.9;927.1904002;938382.9012;-71831.28811;-69814767.46;20308387.67;8309194.333;11999193.33;0;0.267249414;0.103552779;0.075;57314.96667;18284.56667;18284.56667;18197.96667;15847.23333;2350.733333;86.6;0;37303.66667;35632.66667;35630.23333;2.433333333;1671;1726.733333;1476.533333;1476.533333;0;250.2;63433.66667;111.6666667;81;20;7.666666667;49;56.66666667;41.33333333;12;3.333333333;4543.385667;3094.994;1408.061667;939.1566667;222.2166667;246.6883333;3517064.333;20392.38621;432802.6645;592384.8971;453195.0507;433681.8316;571113.3439;454074.2178;591505.7301;571992.5109;445734.9394;605317.172;466127.3256;446614.1064;584045.6187;467006.4926;604438.0049;584924.7858;462019.5656;621601.7982;592384.8971
D11;CELESC;MEDIA-2016-2018;MEDIA-2016-2018D11;11.95;12.08;8.02;8.123333333;9.88;6.01;2818.555077;-78433.14886;0.90458266;2903170.333;107.3333333;10903.66667;2892159.333;23500349.47;9339119.526;4717030.273;8794082.874;9989236.331;0.038526365;0.37425677;0.587216866;1.060218594;810630799.3;819169719.9;768364.855;554399602;563289411.3;16620715.98;16669812.43;186045173.3;189239737;1605706.563;1607875.223;5779179.77;5816048.927;42272419.57;42546835.12;3000552.036;3049107.877;907450.1113;934475.9933;45090.05032;8641.616943;8937719.493;47157716.91;48953252.13;7514933.169;7606667.905;0;0;0;0;1815.790721;1839022.877;22099.30498;22144046.14;73188335.77;31386632.57;41801703.2;0;0.093747052;0.056782447;0.0373;133147.7;48343.26667;48343.26667;47772.86667;41291.5;6481.366667;570.4;0;80168.83333;79592.53333;79530.46667;62.06666667;576.3;4635.6;4631.3;4631.3;0;4.3;173982;275.6666667;104;171.6666667;0;118.3333333;134;55.33333333;78.33333333;0;13971.6895;6831.622833;7140.066667;1710.291667;5429.775;0;2621781.333;12102.37645;792279.9507;879996.921;804382.3272;789461.3957;870713.0996;801563.7721;882815.476;867894.5445;800921.5677;888638.5379;813023.9441;798103.0126;879354.7165;810205.3891;891457.093;876536.1615;837370.0011;925086.9713;879996.921
D12;CELG;MEDIA-2016-2018;MEDIA-2016-2018D12;29.48333333;14.21333333;9.843333333;17.71;11.79333333;5.56;-2646.71894;-20114.80037;1.788195523;2926838.667;75;8674.666667;2918089;13470960.66;6622785.405;1827416.692;3868983.38;7774560.587;0.023602851;0.258977571;0.717419578;0.984857896;772329891.3;764859915;782959.7178;243633688.2;245252032.1;20592684.64;20835492.39;456329256.5;463674105.6;5546019.619;5632404.127;2344442.54;2369114.677;27418988;27096766.08;6884114.225;6867190.257;9580697.557;9444475.433;197779.7262;55252.66201;56314444.42;127893781;133772577.3;39000058.74;39464274.56;0;0;46896756.58;47625243.97;1401.607754;1418866.71;20493.30971;20789638.89;39302084.86;20975258.52;18326826.33;0;0.104823318;0.03672793;0.044;216996.9667;31448.26667;31448.26667;31345.86667;23324.26667;8021.6;102.4;0;179661.8;179625.4;179625.4;0;36.4;5886.9;2487.766667;2487.766667;0;3399.133333;199250.6667;205;119;85.66666667;0;219;136.3333333;87.33333333;49;0;9712.365333;6717.332;2995.033333;1271.433333;1722.766667;0;10384255.33;66606.01176;804854.6352;894222.1663;871460.647;807501.3542;824969.4356;874107.3659;891575.4474;827616.1545;860107.2972;949474.8283;926713.309;862754.0162;880222.0976;929360.0279;946828.1094;882868.8165;1002634.361;1092001.892;894222.1663
D13;CELPA;MEDIA-2016-2018;MEDIA-2016-2018D13;27.80666667;29.90666667;18.46666667;18.04666667;27.09;9.986666667;6830.952403;-28716.22986;0.796052842;2560820.667;28;4589;2556203.667;8714113.986;4920151.066;838224.7373;2063636.569;5812252.68;0.011394449;0.223062376;0.765543176;0.933839967;526657898.6;533857647.9;561002.3592;135387512;137790696.3;19018681.55;18901897.69;342330601.1;348653469.2;652491.7167;655303.5633;1410760.897;1421158.977;26553191.51;26435122.15;637684.5805;650278.91;666975.2916;678766.25;18712.26552;8546.10975;8550224.657;15063994.14;15535381.15;0;0;0;0;185239.5069;187433.74;1225.183083;1239435.404;37649.48945;38320105.34;15389499.67;4632721.333;10756778.33;0;0.408617011;0.437123262;0.34;148264.9333;29254.63333;29254.63333;29254.63333;14118.66667;15135.96667;0;0;114614;114614;114613.9333;0.066666667;0;4396.3;4396.3;4396.3;0;0;149555.6667;188;108;51;5;107.3333333;89;45;28;1;6202.141667;1815.441667;3656.35;1927.775;1044.05;220;3930573.333;22561.99132;599877.0317;644324.3005;622439.023;593046.0793;628593.2616;615608.0706;651155.2529;621762.3092;608423.1414;652870.4102;630985.1328;601592.189;637139.3713;624154.1804;659701.3626;630308.4189;618589.2972;663036.566;644324.3005
D14;CELPE;MEDIA-2016-2018;MEDIA-2016-2018D14;15.08333333;14.14666667;11.08333333;6.886666667;9.6;5.573333333;3348.928093;-26139.30886;0.891681572;3650595.333;94;6033;3644468.333;13581718.07;6487600.818;2684400.819;3371880.861;7525436.391;0.017895928;0.229016084;0.753087988;0.859874586;763837729.3;772904440.8;874086.8024;276843828.1;281254164.8;29635626.77;29794405.19;397402285.5;403128595.6;1201153.149;1181910.833;3123877.714;3148690.94;53849599.97;54396673.53;1773777.51;1831853.76;7580.56369;7727.626667;51124.42806;19562.40617;19910139.29;47343032.84;49087807.93;0;0;0;0;0;0;1524.012428;1542933.849;31788.97452;31977249.33;29612742;14507345.67;15105396.33;0;0.18538995;0.149129416;0.1317;151911.7667;66636.83333;66636.83333;66625.83333;44181.7;22444.13333;11;0;80661.63333;80652.33333;80520.5;131.8333333;9.3;4613.3;4591.833333;4591.833333;0;21.46666667;158713.3333;283;271.6666667;11.33333333;0;102.3333333;142.6666667;137.6666667;6.333333333;0;7674.365167;4318.430833;3287.25;3082.416667;190.1666667;0;4852428;14499.47173;907399.7894;944689.6418;921899.2611;904050.8613;933539.0982;918550.333;948038.5699;930190.1701;926962.1955;964252.048;941461.6673;923613.2674;953101.5044;938112.7392;967600.9761;949752.5763;958524.2174;995814.0699;944689.6418
D15;CELTINS;MEDIA-2016-2018;MEDIA-2016-2018D15;28.22;27.19333333;14.48666667;12.49666667;19.27666667;8.503333333;76.71636997;1050.904991;0.84010417;575532.3333;11.33333333;1258.666667;574262.3333;2253960.665;1349510.044;102841.3613;547403.2351;1603716.068;0.009469247;0.227202917;0.763327836;0.933839967;233003701.3;235410499.6;247306.4762;98569378.69;100413066.7;18344745.04;18532659.82;101437008.9;103397485.8;722162.6823;725693.21;1427186.459;1434378.807;10873042.82;10907215.26;516420.8468;525222.4433;1113755.898;1144168.67;11485.65574;8724.51133;8887632.013;4141716.619;4272022.59;0;0;0;0;0;0;275.0583661;278297.1332;19724.33417;19704292.54;4937682.333;1972983.667;2964698.667;0;0.058707667;0.040583921;0.0529;95861;11200.66667;11200.66667;11200.66667;4094.066667;7106.6;0;0;81064.96667;81064.76667;81047.73333;17.03333333;0.2;3595.366667;3595.366667;1765.833333;1829.533333;0;58534.66667;55;11.66666667;43;0;133.6666667;42.66666667;10.66666667;30.33333333;0;2219.312167;1592.909833;626.4023333;87.184;538.52;0;755131.6667;7234.038968;267305.8687;273412.2863;274539.9077;267229.1523;266254.9637;274463.1913;273489.0027;266178.2473;276030.38;282136.7976;283264.419;275953.6637;274979.475;283187.7026;282213.514;274902.7587;278791.5244;284897.9421;273412.2863
D16;CEMAR;MEDIA-2016-2018;MEDIA-2016-2018D16;13.84;18.84333333;12.53;7.193333333;12.25666667;6.503333333;7349.099808;23612.02499;0.661736091;2428348.667;16;2838.333333;2425494.333;6195929.476;4208648.702;234799.354;1106327.359;4854802.763;0.007229559;0.163470813;0.829299628;0.859874586;419160150.6;424612377;483099.9212;113343632.6;114988762.7;14023872.83;14260674.26;277408566.4;281903714.7;479199.7702;479804.8267;916130.3418;923690.1467;11981987.03;12055730.37;575348.1789;584424.28;431413.4584;438726.4333;41421.29765;1357.834738;1353280.333;58931479.02;60425785.87;0;0;0;0;1163715.345;1177500;771.2606569;781029.704;44485.44525;44410031.98;7488735.667;1306995;6181740.667;0;0.115136494;0.112456678;0.0886;134350.7333;27719.5;27719.5;27719.5;17776.23333;9943.266667;0;0;101544.4;101544.4;101544.3;0.1;0;5086.833333;5085.533333;5085.533333;0;1.3;114342.3333;161.3333333;153;7.666666667;2;67.33333333;95;92;3;1;4062.248333;1342.248333;2335;2110;216.6666667;134;2406409.333;6641.067092;528356.6271;504036.5694;534997.6942;521007.5273;504744.6021;527648.5944;511385.6692;497395.5023;529714.4618;505394.4041;536355.5289;522365.362;506102.4368;529006.4291;512743.5039;498753.337;569777.9247;545457.867;504036.5694
D18;CEMIG;MEDIA-2016-2018;MEDIA-2016-2018D18;10.87333333;10.93333333;8.92;5.373333333;7.603333333;4.996666667;2954.165159;-92193.08501;0.850047248;8338246.333;274.6666667;14666;8323305.667;43638549.45;16859869.7;14898702.79;9856830.4;18883016.25;0.041218483;0.206031991;0.752749525;1.000278353;2011721538;2023481989;2011240.947;1074562399;1090001782;47110694.35;47542110.93;758894431.5;773365145;2136942.056;2140152.327;5172685.651;5221361.047;104561467.4;105211438;2864708.251;2926664.317;16418210.52;16856488.95;57524.54874;40909.22225;41702916.23;18717376.6;19323646.05;791396.6088;809411.425;0;0;5414216.529;5606058.675;3430.013914;3472670.435;88527.92172;87753803.4;156674148;106332744;50341404;0;0.136266371;0.054010979;0.0639;526549.8667;84323.83333;84323.83333;84317.43333;32715.76667;51601.66667;6.4;0;424961.4;424526.3;424072.1333;454.1666667;435.1;17264.63333;9522.2;9522.2;0;7742.433333;569883.3333;619.6666667;197;417.6666667;2;262;341.3333333;114;221.6666667;1;41889.14033;12208.052;29681.08833;1387.483333;8814.605;19425;8214651.667;39068.17688;2103198.883;2231505.98;2142267.06;2100244.718;2195391.968;2139312.895;2234460.145;2192437.803;2144108.105;2272415.202;2183176.282;2141153.94;2236301.19;2180222.117;2275369.367;2233347.025;2160723.432;2289030.528;2231505.98
D19;CEPISA ;MEDIA-2016-2018;MEDIA-2016-2018D19;22.93666667;20.12666667;15.88666667;15.05666667;13.48666667;7.313333333;1659.027791;-56654.87318;1.129205622;1246711;24;2019.666667;1244667.333;3475877.268;2270812.219;216012.66;740154.9417;2519709.666;0.018101453;0.116550895;0.865347652;0.859874586;409719634;417636350.6;474090.1054;271332332.3;276894104.1;11248467.45;11353942.81;125229647.1;127772510.6;1187231.992;1205473.72;357519.8928;360041.8467;49392.25766;75416.33;90237.9749;265946.09;224804.9591;662537.03;33006.55669;20417.14841;21036240.38;18820799.94;19419123.58;63312.49161;64921.46;0;0;0;0;491.4209885;498467.9704;11960.94285;12334106.82;7118109.333;3033648.667;4084460.667;0;0.310621121;0.130450471;0.1393;86739.03333;27958.93333;27958.93333;27958.93333;26823.23333;1135.7;0;0;55828.1;55828.1;55828.1;0;0;2952;2952;2952;0;0;53304.66667;11685;11439;164;0;34;43;42;1;0;1126.49;136.75;989.74;869.74;120;0;196017;1039.909191;486542.4692;542578.2238;487582.3784;484883.4414;543197.3424;485923.3506;544237.2516;541538.3146;506959.6176;562995.3722;507999.5268;505300.5899;563614.4908;506340.499;564654.4;561955.463;519549.0259;575584.7805;542578.2238
D20;CERON;MEDIA-2016-2018;MEDIA-2016-2018D20;33.32;23.63;23.28;19.15666667;17.75333333;11.98333333;-912.306956;-63396.36802;1.255315266;628048.6667;14;2228.333333;625806.3333;3046370.29;1865400.494;17550.02186;981267.6227;2047552.646;0;0.170907702;0.829092298;0.933839967;296783913.4;301746632.2;317089.8947;147345033.6;150044184;5984234.66;6010014.413;137542937.9;139891144.8;319668.6965;321724.9867;1295539.541;1298521.637;4155313.39;4181042.357;141185.5613;148502.2167;0;0;18218.75294;937.260071;990005.85;13703475.26;14474659.8;0;0;0;0;12218764.05;12363500;365.9633225;371183.1866;0;0;6011641.333;1832298.667;4179342.667;0;0.48195692;0.110943682;0.1999;56659.1;6045.3;6045.3;6036.7;4936.1;1100.6;8.6;0;50613.8;50603.8;50493.1;110.7;10;0;0;0;0;0;5839;2;41.33333333;14;2;29;27;21;6;0;346.8195;346.8195;981.4666667;701.95;279.5166667;0;606384;5504.72189;317455.8581;387269.2549;322960.5799;318368.165;380852.2261;323872.8869;386356.948;381764.533;318393.1181;388206.515;323897.84;319305.4251;381789.4861;324810.147;387294.208;382701.7931;335674.611;405488.0079;387269.2549
D21;CERR;MEDIA-2016-2018;MEDIA-2016-2018D21;0;0;0;0;0;0;0;0;ND;14771;0;42.66666667;14728.33333;126872.219;ND;0;6396.495333;35894.24433;ND;ND;ND;0.933839967;0;0;0;0;0;0;0;0;0;0;ND;0;ND;0;0;0;ND;0;ND;0;0;0;0;ND;0;ND;0;ND;0;ND;0;ND;0;ND;49921;0;49921;0;ND;ND;0;9727.53;0;0;0;0;0;0;0;0;0;0;0;0;0;0;0;0;0;0;0;0;0;0;0;0;0;0;0;0;0;0;0;0;0;ND;ND;0;ND;ND;0;0;ND;ND;0;0;ND;ND;0;0;ND;ND;0;0;ND;ND
D23;CHESP;MEDIA-2016-2018;MEDIA-2016-2018D23;10.92;14.16666667;10.28666667;13.25;21.80666667;6.163333333;96.86444787;-294.082578;0.69006429;36246.33333;0;64.66666667;36181.66667;117889.4497;84116.37231;0;24879.58867;93009.861;0;0.130646248;0.869353752;0.984857896;14961749.1;15127397.55;15162.28148;8933565.774;9077783.56;1070623.692;1077809.753;3980744.525;4055418.993;75385.27581;75957.44;118952.6354;119547.3033;716039.6037;720880.5033;64989.11021;67190.34667;1448.484278;1530;124.1935161;0;0;186290.2741;193188.85;0;0;0;0;0;0;3.479045292;3644.384417;145.0713285;146718.5533;146797.6667;0;146797.6667;0;0.044488308;0.026367874;0.0114;3376.833333;611.3333333;611.3333333;611.3333333;611.3333333;0;0;0;2702.666667;2702.666667;2702.666667;0;0;62.83333333;62.83333333;62.83333333;0;0;4091;4;4;0;0;8.666666667;3;3;0;0;148.0165;111.0165;37;37;0;0;43875.33333;109.5515279;15310.83185;15617.60151;15420.38338;15213.9674;15604.91443;15323.51893;15714.46596;15508.04998;15310.83185;15617.60151;15420.38338;15213.9674;15604.91443;15323.51893;15714.46596;15508.04998;15435.02537;15741.79502;15617.60151
D28;COCEL;MEDIA-2016-2018;MEDIA-2016-2018D28;10.02666667;9.583333333;10.25;8.07;7.583333333;6.776666667;-2.42385504;-149.2534646;1.055208585;49621.66667;0;182.6666667;49439;309857.269;150380.7846;0;181126.429;128730.84;0;0.412283867;0.587716133;1.060218594;22317723.68;22654919.99;21170.90249;14986655.68;15249628.68;1840316.756;1869377.723;5173509.658;5246774.697;74449.05206;75371.61333;67690.9319;67047.89333;145424.2056;146719.3833;29677.40145;30577.18;0;0;63.35293646;0;0;5070.122455;5130.18;0;0;0;0;89959.2822;92438.035;0;0;14.32961444;20871.98;764282.3333;0;764282.3333;0;0.062468242;0.028391613;0.013;2382.2;745.9333333;745.9333333;744.9333333;744.9333333;0;1;0;1636.266667;1635.766667;1635.766667;0;0.5;0;0;0;0;0;4416.666667;2;0;2;0;3.333333333;1;0;1;0;179.6933333;163.0266667;50;0;50;0;45712;229.087215;21185.2321;21565.99664;21414.31932;21187.65596;21334.48557;21416.74317;21563.57278;21336.90942;21185.2321;21565.99664;21414.31932;21187.65596;21334.48557;21416.74317;21563.57278;21336.90942;21248.58504;21629.34957;21565.99664
D29;COELBA;MEDIA-2016-2018;MEDIA-2016-2018D29;19.06;15.19;11.41333333;7.816666667;8.946666667;5.476666667;-1737.336194;-21622.7085;1.059406324;5907443.333;110.6666667;8593.333333;5898739.333;19745236.96;9720630.322;2886211.924;5414375.671;11444649.36;0.028047521;0.246120061;0.725832418;0.859874586;1252848845;1267554646;1437313.989;426169932.5;433212586.1;42335772.03;42663924.68;702744151.9;713927963.5;2375034.211;2336932.2;6584853.245;6626050.87;69193083.34;68787189.24;3433812.03;3479495.273;12205.74948;12197.91;78537.16238;17992.34859;18159168.37;90554110.41;93373969.05;263110.2754;275941.65;0;0;0;0;2157.480526;2183892.426;48824.40884;49440102.53;41057824.67;18828836.67;22220588;8400;0.127834815;0.11435189;0.0678;291927.7;97122.23333;97122.23333;96975.03333;24008.73333;72966.3;147.2;0;185059.3333;184831.2333;184822.3333;8.9;228.1;9746.133333;9746.133333;9746.133333;0;0;244169.3333;355;288.3333333;66.66666667;5.333333333;257.6666667;217.6666667;173.6666667;44;0;11983.915;7739.581667;4244.333333;3021.833333;1222.5;0;8816872.667;41906.27482;1488295.878;1553562.198;1530202.153;1490033.214;1509918.587;1531939.489;1551824.861;1511655.923;1506288.227;1571554.546;1548194.501;1508025.563;1527910.935;1549931.838;1569817.21;1529648.271;1566833.04;1632099.36;1553562.198
D30;COELCE;MEDIA-2016-2018;MEDIA-2016-2018D30;9.243333333;11.52333333;8.473333333;5.326666667;8.38;4.8;1365.066909;-55254.63309;0.722094655;3479689.333;98;8676.333333;3470915;11650233.62;6388095.299;1580477.119;3025105.332;7044651.171;0.016891238;0.140409499;0.842699263;0.859874586;496774378.3;502109479.4;572463.402;148779036.4;151338903.4;18110481.27;18183438.79;314371875.8;320019593.1;2509002.908;2519790.933;1093915.251;1101923.533;8928940.984;8945829.673;1835031.97;1859775.787;1146093.659;1162449.733;41007.76846;5033.472065;5062032.547;10090166.01;10400301.02;51813.78358;52600;0;0;43819464.8;45153941.27;1310.288829;1326586.871;48711.52688;49174579.31;26705653.33;11182645.67;15522981;26.66666667;0.130938674;0.108405004;0.0514;144871.2;53255.36667;53255.36667;53255.36667;41419.5;11835.86667;0;0;86564.4;86564.4;86556.8;7.6;0;5051.433333;5051.433333;5051.433333;0;0;140252.3333;758;758;0;0;39.66666667;116;116;0;0;10377.28133;3660.381333;6716.9;6716.9;0;0;2295118.667;6918.196876;622485.2177;683292.9807;629403.4146;621120.1508;677739.8508;628038.3476;684658.0476;676374.7839;627518.6897;688326.4528;634436.8866;626153.6228;682773.3228;633071.8197;689691.5197;681408.2559;663492.9861;724300.7492;683292.9807
D31;COOPERALIANÃ‡A;MEDIA-2016-2018;MEDIA-2016-2018D31;4.673333333;5;6.333333333;4.17;5;4.666666667;-60.45275449;-279.435173;0.884333333;37230;0;102.3333333;37127.66667;198559.3407;99088.4921;0;99766.345;98792.99567;0;0.298837544;0.701162456;1.060218594;12526023.53;12650056.28;11905.58298;7720751.005;7838933.957;1412562.826;1430682.75;3097723.802;3138135.44;36924.05307;37514.65;36297.66087;36513.36333;168003.6897;168276.12;52617.02945;53701.11667;1143.467323;1183.666667;111.998123;40.2381483;42195.42;17500.20212;17989.745;0;0;0;0;90139.75995;91207.5;0;0;512.7814092;518255.56;365074.3333;0;365074.3333;0;0.043467384;0.022785941;0.002;1399.566667;909.4;909.4;909.4;909.4;0;0;0;481.7666667;481.7666667;481.7666667;0;0;8.4;8.4;8.4;0;0;1294.666667;1;1;0;0;0.666666667;1;1;0;0;98.19;78.19;20;20;0;0;13912;11.48090835;12418.36439;12769.73323;12429.8453;12478.81715;12697.79957;12490.29806;12709.28047;12758.25232;12458.60254;12809.97138;12470.08345;12519.0553;12738.03771;12530.5362;12749.51862;12798.49047;12530.36252;12881.73135;12769.73323
D32;COPEL;MEDIA-2016-2018;MEDIA-2016-2018D32;10.52666667;10.82;7.46;6.76;8.43;5.08;6817.484621;1298.56938;0.887140071;4560024;98;14640.66667;4545285.333;29185843.49;12750866.77;4709588.006;10609768.47;13866487.02;0.028087437;0.263641298;0.708271265;1.060218594;1330654391;1346461899;1261894.261;864810248.1;878919754.3;59651231.59;59943903.24;339783296.8;345083726.3;3990618.565;4015905.087;14243462.53;14380586.95;43673357.79;44118022.82;4246577.607;4301545.637;255597.8404;265407.65;95071.60229;72970.19716;74176196.49;32528386.67;33691919.99;201327.8483;207871.585;28776.93774;30396.405;393616.2341;411828.24;2573.58593;2604821.63;51952.64682;52363902.85;75734239.33;26419652.33;49314587;0;0.052537596;0.035963454;0.047;247040.5333;49951.26667;49951.26667;49869.56667;32827.46667;17042.1;81.7;0;189997.9333;189755.8333;189753.3333;2.5;242.1;7091.333333;4385.3;4385.3;0;2706.033333;422132.3333;266;54;210.6666667;0;309.6666667;155;36.33333333;118.6666667;0;24080.79563;14302.8623;9777.933333;2272.933333;7505;0;3953718.667;17463.46711;1316420.494;1325767.907;1333883.961;1309603.009;1315121.924;1327066.476;1332585.391;1308304.44;1389390.691;1398738.104;1406854.158;1382573.206;1388092.122;1400036.673;1405555.589;1381274.637;1411492.096;1420839.509;1325767.907
D33;COSERN;MEDIA-2016-2018;MEDIA-2016-2018D33;12.38666667;13.46666667;8.61;6.556666667;9.346666667;4.81;2217.874412;13415.68314;0.807722752;1417090;50;2809.666667;1414230.333;5616409.518;2822417.433;945286.334;1336776.943;3334346.241;0.053132959;0.192767346;0.754099696;0.859874586;257419661.4;259311600.2;296370.8776;115446299.8;117246905.8;7430156.018;7490639.207;121582914.9;123472503.8;493673.1649;485749.9033;1226869.472;1244921.12;9385663.355;9370880.48;1849944.788;1881133.787;4139.908778;4133.93;6690.969754;2946.80199;2961811.623;5615345.664;5814822.97;905.9843135;956.97;0;0;0;0;565.3801719;572542.6506;13245.36191;13293425.55;14450939;8480206.667;5970732.333;0;0.037777395;0.037719442;0.0206;55391.93333;20524.43333;20524.43333;20514.53333;9083.4;11431.13333;9.9;0;32311.5;32309.9;32309.9;0;1.6;2556;2134.366667;2134.366667;0;421.6333333;52070.66667;85;85;0;0;22;60.66666667;60.66666667;0;0;2921.217667;1629.051;1292.166667;1292.166667;0;0;1340163.667;2939.176118;310181.6197;297487.2383;313120.7958;307963.7453;296765.9366;310902.9214;299705.1127;294548.0622;313128.4217;300434.0403;316067.5978;310910.5473;299712.7386;313849.7234;302651.9147;297494.8642;316872.5895;304178.208;297487.2383
D36;CPFL - Paulista;MEDIA-2016-2018;MEDIA-2016-2018D36;6.976666667;7.633333333;5.2;4.65;6.666666667;3.926666667;-81.29889433;-87135.00946;0.804674667;4326750.667;222.3333333;15659.33333;4310869;30228552.01;12125500.56;6207145.076;9833267.72;14188139.21;0.066733741;0.351370265;0.581895995;1.113754771;890982384.5;902168077.8;814731.7263;389241106.7;395796257.2;71000066.87;71416597.17;358867886.7;365348082;1950595.541;1961646.963;6558247.244;6600076.457;60672659.37;61045417.99;1151423.902;1171114.817;1540398.202;1583816.683;78545.41287;43480.42638;43535367.65;46523172.87;48019366.36;630589.8527;645937.82;0;0;5443717.028;5587616.26;2521.120515;2554784.51;46326.51115;47019786.34;106696645.7;57992861;48703784.67;0;0.098835993;0.03758243;0.0578;130784.9667;42727.83333;42727.83333;42411.73333;24808.53333;17603.2;316.1;0;80594.46667;80468.96667;80453.66667;15.3;125.5;7462.666667;7462.666667;7462.666667;0;0;201340.3333;407.3333333;101.3333333;306;0;94;235.3333333;56.66666667;178.6666667;0;18194.11417;9645.3475;8548.766667;835.8666667;7712.9;0;3042739.667;13410.4406;863579.358;964206.1069;876989.7986;863660.6569;950714.3674;877071.0975;964124.808;950795.6663;907059.7843;1007686.533;920470.2249;907141.0832;994194.7938;920551.5238;1007605.234;994276.0927;942124.7708;1042751.52;964206.1069
D35;CPFL - Piratininga;MEDIA-2016-2018;MEDIA-2016-2018D35;7.11;7.01;5.44;4.096666667;6.096666667;3.956666667;253.6899365;-30040.57595;0.841791415;1688070.667;65;5192.333333;1682813.333;13984219.94;5165268.904;3682950.767;4969307.747;5331961.42;0.041884704;0.27090405;0.687211246;1.000278353;333417508.2;337366039.4;333370.2934;150872442.3;153277997.9;21619615.08;21774961.65;136690482.4;139276346.4;770474.0506;774386.3233;2672848.737;2685931.473;19443667.64;19576415.75;759422.6826;770517.4933;588555.347;605492.6533;28295.01096;13241.65475;13395727.8;20845374.31;21394597.55;15983.85888;16449.915;0;0;1718676.151;1739034.53;1229.770424;1244887.801;20657.61668;20751151.34;41710026.33;17569335.67;24140690.67;0;0.085004682;0.057636075;0.039;25324.46667;12390.83333;12390.83333;12161.23333;4390.5;7770.733333;229.6;0;11608.66667;11421.56667;11379.06667;42.5;187.1;1324.966667;1324.966667;1324.966667;0;0;44230.66667;101.3333333;0.666666667;101.3333333;0;17;43.66666667;0;43.66666667;0;6880.779833;3633.7465;3247.033333;0;3247.033333;0;1041608;4607.412463;355257.6805;389651.979;359865.093;355003.9906;385298.2565;359611.4031;389905.6689;385044.5665;368499.3353;402893.6338;373106.7478;368245.6454;398539.9112;372853.0578;403147.3237;398286.2213;383552.6915;417946.99;389651.979
D38;DEMEI;MEDIA-2016-2018;MEDIA-2016-2018D38;5.613333333;9.333333333;6.333333333;7.566666667;9.333333333;4;48.09151791;38.41211459;0.706666667;32663.66667;0;97;32566.66667;134123.92;98458.54856;0;30141.764;103982.156;0;0.074850709;0.925149291;1.060218594;12691967.96;12875923.18;12024.74423;10117360.41;10306211.48;716227.3844;714336.8833;1625918.473;1639804.41;19937.74416;19977.54333;4429.452245;4385.173333;191048.7207;191207.6933;17045.77158;17346.25;0;0;39.40706109;10.96122647;11578.08667;12911.59478;13638.215;0;0;0;0;29757.15715;30612.345;0;0;97.7561873;96688.13667;183298;0;183298;0;0.040831463;0.022120146;0.0189;496;356.3;356.3;356.1;284.1;72;0.2;0;139.5666667;139.5666667;139.5666667;0;0;0.133333333;0.133333333;0.133333333;0;0;500;1;1;0;0;1;1.666666667;1.666666667;0;0;109.8375;51.50416667;58.33333333;58.33333333;0;0;24539.33333;89.82539753;12122.50041;12125.82218;12212.32581;12074.4089;12084.0883;12164.23429;12173.9137;12035.99678;12133.46164;12136.78341;12223.28704;12085.37012;12095.04953;12175.19552;12184.87492;12046.95801;12161.90748;12165.22924;12125.82218
D39;DME-PC;MEDIA-2016-2018;MEDIA-2016-2018D39;3.816666667;7.666666667;6.026666667;2.99;6.906666667;4;309.8459915;-131.2207458;0.475942918;74918;2;185.3333333;74730.66667;487714.2353;219901.8627;31291.911;256961.8373;199460.487;0;0.355379487;0.644620513;1.000278353;36439032.45;36680657.29;36421.99261;23000477.95;23314452.71;1907506.955;1914553.297;7746462.65;7804473.803;5722.709848;5709.753333;2479230.26;2494304.683;1136673.786;1147163.043;73083.05122;75807.01;89875.08847;93411.17667;3049.864121;630.674557;645946.1633;27299.85792;28616.645;3364804.051;3501391.155;0;0;236680.4376;250000;50.16572282;50785.50475;1336.89993;1342389.787;1374660;205397.6667;1169262.333;0;0.031440578;0.021729746;0.0083;1502.166667;621.3333333;621.3333333;619.4333333;392.1333333;227.3;1.9;0;839.6666667;839.2666667;838.8;0.466666667;0.4;41.16666667;41.16666667;41.16666667;0;0;2635.666667;6;2;4;0;1;3;1;2;0;211.4825;139.4825;72;37;60;0;15604.66667;65.35620355;37809.05826;37695.78922;37874.41447;37499.21227;37940.27901;37564.56847;38005.63521;37630.43302;38439.73282;38326.46378;38505.08902;38129.88683;38570.95357;38195.24303;38636.30977;38261.10757;40858.92238;40745.65334;37695.78922
D44;EFLUL;MEDIA-2016-2018;MEDIA-2016-2018D44;5.66;10.66666667;8.666666667;6.066666667;8.666666667;6;11.88550759;-44.26551714;0.615491582;6733.333333;0;40.33333333;6693;96737.60956;47235.49832;0;72517.24423;24220.36533;0;0.476293721;0.523706279;1.060218594;6085246.571;6163370.567;5758.686042;5042771.694;5120984.757;145578.6955;146347.7033;682599.0634;692146.07;21835.27614;21932.97;27263.29496;27317.12333;153829.9127;154641.9433;5879.072663;6108.373333;5489.561038;5742.226667;134.8382711;11.26144396;11500;185365.2407;187788.245;0;0;0;0;0;0;0;0;142.1483055;143086.6367;354158.805;0;354158.805;0;0.023564349;0.023211384;0.0037;356.5333333;181.9666667;181.9666667;181.9666667;181.9666667;0;0;0;174.5666667;174.5666667;174.5666667;0;0;0;0;0;0;0;361.6666667;0.666666667;0.666666667;0;0;0.333333333;0;0;0;0;18.14666667;18.14666667;0;0;0;0;365.3333333;1.99612062;5900.834347;5935.210477;5902.830468;5888.94884;5945.099864;5890.94496;5947.095985;5933.214357;5912.095791;5946.471921;5914.091912;5900.210284;5956.361308;5902.206404;5958.357429;5944.475801;6035.672618;6070.048748;5935.210477
D45;ELEKTRO;MEDIA-2016-2018;MEDIA-2016-2018D45;7.723333333;8.563333333;6.99;4.503333333;6.9;4.556666667;2852.390106;-53169.90347;0.777517172;2604366.333;130;7138.666667;2597097.667;16568652.96;6709390.163;3963748.214;5032428.214;7572476.535;0.037797257;0.286179266;0.676023477;1.000278353;514029659.7;519076816.2;513949.0104;304310121.8;309362511.4;35350361.17;35546794.55;139789550.9;141866613.4;2023500.995;2063248.717;4355836.302;4380193.7;25646829.97;25857454.47;1511163.193;1549996.263;1042295.423;1073220.517;34894.86797;16419.62382;16767409.92;18369618.71;19092185.66;262365.6699;273984.68;0;0;9080881.845;9422961.933;1414.593979;1434428.517;55606.29293;55947303.89;69391866.33;46153381.33;23238485;0;0.098191266;0.038668927;0.0327;119792.4833;32146.13333;32146.13333;32115.38333;24988.8;7126.583333;30.75;0;85571.75;85551.9;85515;36.9;19.85;2074.6;2074.6;2074.6;0;0;243807.6667;338;67.33333333;270.6666667;0;85.33333333;101.3333333;18;83.33333333;0;12391.776;8357.692667;4034.083333;358.75;3675.333333;0;1600500.333;10239.32489;570969.8973;631526.7355;581209.2222;568117.5072;624139.8007;578356.8321;634379.1256;621287.4106;587389.5211;647946.3594;597628.846;584537.131;640559.4246;594776.4559;650798.7495;637707.0345;605864.7652;666421.6035;631526.7355
D46;ELETROACRE;MEDIA-2016-2018;MEDIA-2016-2018D46;50.20666667;34.02333333;26.25;36.73333333;28.01;15.73666667;111.951069;-5332.430333;1.463874716;258286;1;592.3333333;257692.6667;1025600.667;679558.5081;2632.054667;275949.1112;747019.501;0;0.143253469;0.856746531;0.933839967;115032358.6;116825847.7;122754.1363;46832375.07;47677636.11;1640416.141;1648072.8;61294330.31;62430048.08;134818.9425;136560.74;937766.2868;944289.9433;3928299.034;3989239.983;264352.7906;272665.58;0;0;0;0;0;0;0;0;0;0;0;0;0;144.8936347;146996.3809;0;0;1125942;21207.33333;1104734.667;0;0.265355902;0.120230667;0.1646;19108;3847.5;3847.5;3847.5;3816.8;30.7;0;0;15260.5;15260.5;15260.5;0;0;0;0;0;0;0;176;8;8;0;0;9;3;3;0;0;244.2333333;50.23333333;194;194;0;0;275385.6667;1737.766877;122899.0299;129857.2761;124636.7968;122787.0789;128231.4603;124524.8457;129969.2271;128119.5092;122899.0299;129857.2761;124636.7968;122787.0789;128231.4603;124524.8457;129969.2271;128119.5092;122899.0299;129857.2761;129857.2761
D47;ELETROCAR;MEDIA-2016-2018;MEDIA-2016-2018D47;10.93666667;11.48333333;11.34;9.253333333;9.243333333;5.863333333;70.0033384;-674.0585884;0.973909988;36982;0.333333333;146.6666667;36835;179569.6417;105053.1611;0;63460.38;116109.2617;0;0.21003393;0.78996607;1.060218594;17168741.55;17138293.1;16340.30597;12219925.11;12405595.47;786456.0085;790615.72;2052314.928;2083921.327;43724.24019;43942.75333;65120.48722;65831.35667;1726016.101;1748386.473;258732.7306;262370.7933;16451.93951;48486.56;749.9363164;388.29077;394589.3367;542468.3195;572334.26;0;0;0;0;0;0;0;0;-5665.45212;-5548563.983;355672;4600;351072;0;0.054367645;0.024024835;0.0167;2420.833333;729.3333333;729.3333333;729.3333333;729.3333333;0;0;0;1567.1;1567.1;1567.1;0;0;124.4;124.4;124.4;0;0;2278.333333;3;3;0;0;1;3;3;0;0;125.9485;72.61516667;53.33333333;53.33333333;0;0;36284;177.669584;10674.85385;11456.57868;10852.52343;10604.85051;11348.91244;10782.5201;11526.58202;11278.9091;11063.14462;11844.86945;11240.8142;10993.14128;11737.20321;11170.81087;11914.87279;11667.19987;11424.79017;12206.515;11456.57868
D48;ELETROPAULO ;MEDIA-2016-2018;MEDIA-2016-2018D48;11.53666667;7.793333333;7.346666667;5.833333333;5.613333333;4.35;-4429.000109;-15769.78547;1.251934002;7073944.333;191;13557.66667;7060195.667;42923948.44;20919764.56;5726729.974;13095564.31;24101654.15;0.034350044;0.231757793;0.733892163;1.113754771;1537291700;1550454185;1404931.854;784821130.2;797677968;95595352.85;95996547.7;506873267.2;514955005.1;4450741.889;4481263.31;48411810.27;48664269.51;88103938.69;88679131.52;2890431.669;2882467.533;6145026.95;6259001.24;94869.64302;65161.68285;66804758.11;27819738.23;28791682.28;711759.1443;730473.74;4063199.47;4189417.93;11967243.41;12109000;5945.567631;5995241.566;140179.0866;141706383.9;93360294.33;31444710.81;61915583.52;0;0.099632562;0.096774944;0.0843;45822;21699.93333;21699.93333;20779.73333;12679.83333;8099.9;920.2;0;22210.43333;20900.93333;20735.66667;165.2666667;1309.5;1911.633333;1783.033333;1783.033333;0;128.6;205948.3333;442.6666667;1.666666667;439.3333333;1.666666667;64;145.3333333;1.333333333;143.3333333;0.666666667;19119.41683;13891.441;14416.6425;0.541666667;14415.2675;0.833333333;11958713;53651.38593;1551056.508;1624906.679;1604707.894;1555485.508;1566826.293;1609136.894;1620477.679;1571255.293;1616218.191;1690068.362;1669869.577;1620647.191;1631987.976;1674298.577;1685639.362;1636416.976;1645926.151;1719776.322;1624906.679
D17;EMT;MEDIA-2016-2018;MEDIA-2016-2018D17;23.25333333;24.01;14.22;11.96333333;19.94333333;8.973333333;1076.183368;-21842.83927;0.782404584;1365975.333;57;5159.666667;1360758.667;8378720.952;4269989.397;594314.4042;2730156.717;5054249.832;0.026776598;0.28607559;0.687147812;0.984857896;506499550.5;513127030.9;513007.9613;188502007.5;191702785.6;35349677.7;35807391.05;232586633;237036253.7;2041334.853;2050040.773;2191436.921;2203142.463;44024018.74;44327417.22;534823.6294;536463;1269618.105;1305928.023;22855.90652;4282.005861;4269190.517;27860850.99;28909444.98;0;0;0;0;0;0;694.4760641;704169.5345;22221.87813;22900438.68;34888000;17556734;17331266;0;0.100523379;0.040866542;0.0674;160035.4667;13861.73333;13861.73333;13861.73333;6768.1;7093.633333;0;0;140148;135948.4667;135947.7667;0.7;4199.533333;6025.733333;2188.466667;2188.466667;0;3837.266667;144426.6667;125.3333333;14;111;1;228;79.66666667;9;70.66666667;1;6450.243333;3560.41;2889.833333;235.8333333;2654;92.02333333;439937.6667;4966.576;535924.3155;561657.5474;540890.8915;534848.1321;557767.1548;539814.7081;562733.7308;556690.9714;540206.3214;565939.5533;545172.8974;539130.138;562049.1606;544096.714;567015.7366;560972.9773;558780.222;584513.4539;561657.5474
D03;Enel RJ;MEDIA-2016-2018;MEDIA-2016-2018D03;18.21;10.82;8.386666667;10.26;8.536666667;5.106666667;-3749.408822;-60092.15722;1.434552577;2647206.333;47.66666667;6260;2640898.667;11487898.07;5537432.711;1957548.469;2782297.827;6748051.78;0.030577407;0.268341793;0.701080799;1.000278353;625777611.1;630309291.7;625538.6605;138179624.5;140213019.1;16260846.69;16419853.72;440522958.1;446941162.6;3534241.437;3546351.457;1771418.031;1783262.103;21312752.79;21405642.7;2852237.613;2880522.26;1343531.919;1356106.767;88928.03287;21338.09366;21944994.46;82352161.12;85292482.28;2853948.951;2982899.54;0;0;16178798.73;16927539.66;1317.480523;1333427.77;83319.4999;83518603.2;27779799.33;15117086;12662647;66.33333333;0.278029709;0.116805001;0.1854;58258.46667;18694.73333;2623723.733;18694.73333;17892.06667;802.6666667;0;2605029;36510.96667;36510.96667;36487.93333;23.03333333;0;3052.766667;3052.766667;3052.766667;0;0;124281.6667;256;134.3333333;121.3333333;0;93.33333333;104.3333333;58.33333333;45.66666667;0;12661.12537;5596.514033;7064.611333;1927.294667;5135.533333;0;5995653.667;34010.84773;710175.641;808028.0547;744186.4887;713925.0498;770267.7982;747935.8975;804278.6459;774017.207;731513.7346;829366.1484;765524.5823;735263.1434;791605.8918;769273.9912;825616.7396;795355.3007;799103.6738;896956.0876;808028.0547
D40;ENERGISA BO;MEDIA-2016-2018;MEDIA-2016-2018D40;5.046666667;13.4;11.83333333;2.956666667;10.10333333;5.916666667;609.9792782;1941.549437;0.334709912;210454.3333;1;389.3333333;210064;669800.4971;362027.9331;33317.6116;241248.4005;395234.485;0.006460451;0.200519243;0.793020305;0.859874586;36508092.01;36922468.46;41812.95089;17863501.15;18150913.47;2181065.078;2193385.067;14609315.11;14843258.75;106532.5295;107035.3733;98751.4479;98274.99667;1524503.96;1529600.803;57433.00486;58060.46667;66989.71998;67592.82333;2155.59379;1385.551451;1398284.917;1155063.509;1191739.825;0;0;0;0;0;0;77.27841013;78185.39228;1102.284649;1084978.133;1498909.333;409948.6667;1088960.667;0;0.03536437;0.035300953;0.0259;5586.2;3295.366667;3295.366667;3293.166667;2049.633333;1243.533333;2.2;0;2246.233333;2246.033333;2245.766667;0.266666667;0.2;44.6;44.6;44.6;0;0;4343.333333;14;14;0;0;3;8;8;0;0;375.6825;192.3491667;183.3333333;183.3333333;0;0;48669.33333;53.8670629;42992.51395;40494.85229;43046.38101;42382.53467;41050.96451;42436.40173;41104.83157;40440.98523;44378.0654;41880.40375;44431.93246;43768.08612;42436.51596;43821.95318;42490.38302;41826.53668;45148.10774;42650.44608;40494.85229
D50;ENERGISA MG;MEDIA-2016-2018;MEDIA-2016-2018D50;9.403333333;11.51333333;9.953333333;5.846666667;9.236666667;5.913333333;828.0308256;-2581.686121;0.724363045;446697;19;572;446106;1534136.659;884692.1369;164319.5557;348527.6964;1021289.407;0.02692915;0.168927027;0.804143823;1.000278353;116720444.5;117360005.4;116685.4085;49168633.36;50057183.65;6853360.005;6890856.76;53857417.97;54531272.39;390915.311;392983.0933;171197.9833;171389.6867;5286108.135;5316319.843;431801.4426;439663.25;561010.2667;578606.3;3711.032355;2059.393512;2056137.593;2477458.265;2574394.27;0;0;0;0;0;0;144.915419;146822.9046;3593.072561;3592954.057;6072212.333;3863233.667;2208978.667;0;0.035061688;0.030197739;0.0064;28681.9;4022.066667;4022.066667;4022.066667;1764.766667;2257.3;0;0;23555.33333;23555.33333;23553.93333;1.4;0;1104.5;1104.5;1104.5;0;0;62081.33333;41;39;2;0;21.33333333;36.33333333;32.33333333;6;0;1659.330667;1186.567333;472.7633333;404.43;102.5;0;327100;905.4078676;120423.3964;123082.4596;121328.8043;119595.3656;123005.0826;120500.7735;123910.4904;122177.0517;122482.79;125141.8531;123388.1978;121654.7591;125064.4761;122560.167;125969.8839;124236.4453;124134.4288;126793.492;123082.4596
D51;ENERGISA MS;MEDIA-2016-2018;MEDIA-2016-2018D51;11.55;12.3;10.69333333;5.463333333;9.2;6.29;2027.072747;-6766.705913;0.7657803;1008374.333;53.66666667;3398;1004922.667;5160885.34;2669212.079;419771.4855;1520892.146;3220221.709;0.02747139;0.278951072;0.693577538;0.984857896;378795791.2;383588640.7;384140.4028;185982929.4;189729439.2;25020345.12;25184080.1;153214821.9;156087545.8;2441945.757;2422341.197;2058090.461;2052226.663;7969533.827;8113007.67;997766.4169;1008258.73;1110358.37;1143655.893;44112.01448;36035.02991;37259735.15;12115053.14;12478999.26;423.7109808;428.73;0;0;0;0;594.7989714;601705.8002;28184.4712;28590700.41;17799873.33;10244167;7555706.333;0;0.064003928;0.030693636;0.0599;97008.85;16258.36667;16258.36667;16258.36667;10445.53333;5812.833333;0;0;281916.7667;281903.0667;281903.0667;0;13.7;3810.166667;3810.166667;3810.166667;0;0;61202;87.33333333;21;65.66666667;2;45;53;12;40.33333333;1;4245.726333;2175.259667;2070.466667;155.4166667;1890.05;37.5;883354.3333;8277.20615;412919.673;425936.5123;421196.8791;410892.6002;419686.3789;419169.8064;427963.585;417659.3061;448954.7029;461971.5422;457231.909;446927.6301;455721.4088;455204.8363;463998.6149;453694.3361;457031.6875;470048.5268;425936.5123
D53;ENERGISA PB;MEDIA-2016-2018;MEDIA-2016-2018D53;15.29666667;18.01666667;11.75333333;6.346666667;11.41333333;5.82;3935.638308;753.8395642;0.702776226;1402434.333;36.33333333;1809.666667;1400588.333;4363923.694;2383739.267;721852.8233;867068.8816;2775001.99;0.032935272;0.169757892;0.797306836;0.859874586;257936197.9;258796957.9;294579.8637;124126407.5;126040916.8;16940780.69;17048746.12;99674974.04;101450520.3;758017.5544;761574.22;438857.4764;436854.8433;13038793.63;13058345.59;1092582.758;1115748.55;1865784.226;1924592.407;13135.45159;8856.310333;8927694.34;6418711.887;6583731.865;0;0;0;0;0;0;530.4909848;536134.9049;3655.217665;3692948.053;8771504;4522418.333;4249085.667;0;0.088863597;0.075254309;0.0494;76789.1;33566.7;33566.7;33552.3;22475.83333;11076.46667;14.4;0;40900;40900;40899.9;0.1;0;2322.4;2322.4;2322.4;0;0;51362;82;82;0.666666667;0;0;61;60.66666667;0;0;1056.916667;0;1056.916667;1031.916667;0;0;1670444.333;4031.054428;298765.5724;298107.1489;302796.6268;294829.9341;298011.7328;298860.9885;302042.7872;294076.0945;307621.8827;306963.4593;311652.9371;303686.2444;306868.0432;307717.2988;310899.0976;302932.4048;311901.024;311242.6005;298107.1489
D55;ENERGISA SE;MEDIA-2016-2018;MEDIA-2016-2018D55;11.84333333;12.93;9.723333333;6.913333333;9.47;5.393333333;1216.84977;1120.632874;0.82355141;762332.3333;25.33333333;1310;760997;3526129.935;1438494.589;1071971.563;817541.4478;1636616.925;0.040772006;0.213817217;0.745410777;0.859874586;152197131.3;153727005;173968.2913;74945778.31;76321833.5;9927113.406;10001312.81;58234451.13;59196241.12;462284.383;464705.2567;522933.1795;525805.5133;7160820.99;7217106.817;622338.8193;633191.8233;321411.0459;329312.2967;9308.487066;5944.851659;6105119.303;5045453.108;5236483.615;0;0;0;0;0;0;370.5041906;374714.8772;-1280.379519;-1131443.43;7091173;3652287.333;3438885.667;0;0.108305821;0.094939318;0.049;27276.46667;7773.7;7773.7;7756.7;4848.633333;2908.066667;17;0;18143.76667;18143.46667;18143.46667;0;0.3;1359;1358.9;1358.9;0;0.1;42188;45;44;2.333333333;0;11;31.66666667;31.66666667;0;0;1535.688833;853.1455;682.5433333;682.5;0.065;0;667596.6667;1680.667159;173058.416;172401.6005;174739.0831;171841.5662;171937.7831;173522.2334;173618.4503;170720.9333;179003.2676;178346.4521;180683.9348;177786.4179;177882.6348;179467.085;179563.3019;176665.785;182366.903;181710.0876;172401.6005
D52;ENF;MEDIA-2016-2018;MEDIA-2016-2018D52;6.56;10.91666667;8.026666667;5.043333333;9.88;5.353333333;-10.38778863;1156.35967;0.553891424;106001;1;161.3333333;105838.6667;356520.9091;227265.2282;11220.27967;95914.02349;249386.606;0.002160711;0.140881959;0.85695733;1.000278353;26554281.55;26506304.04;26536.46171;9661679.295;9819058.277;1420485.622;1429806.387;13721653.41;13802507.5;70025.08145;70372.26333;61831.5043;61802.02;1312257.89;1322757.6;62375.17828;63343.25667;243973.5693;251991.1667;449.5253448;16.98120159;16775.39667;648816.2148;677770.25;0;0;0;0;0;0;0;0;1179.275323;1174031.987;591736.6667;58299.66667;533437;0;0.000946285;0.020509073;0;2061.966667;851.4;851.4;851.4;262.4666667;588.9333333;0;0;1191.933333;1191.933333;1191.833333;0.1;0;18.63333333;18.63333333;18.63333333;0;0;3575.333333;5.333333333;4;2;0;5;5;3;2;0;241.3741667;166.3741667;75;60;15;0;62521.66667;180.5141367;27715.73704;26750.27929;27896.25117;27726.12482;26559.37737;27906.63896;26739.8915;26569.76515;27732.71824;26767.26049;27913.23237;27743.10603;26576.35857;27923.62016;26756.8727;26586.74636;28165.26238;27199.80464;26750.27929
D54;ESCELSA;MEDIA-2016-2018;MEDIA-2016-2018D54;8.49;9.84;8.41;5.116666667;7.536666667;5.183333333;1112.155318;-25107.27098;0.770602472;1537931;37.66666667;3429.666667;1534463.667;9579732.018;3685136.995;3104082.746;1964065.883;4511583.389;0.111028916;0.263117768;0.625853316;1.000278353;336730007.4;340910794.8;336656.4467;131142843.6;133409762.4;12972482.97;13039488.77;172182911.3;175154371.8;1119028.636;1127519.123;1750225.496;1765783.813;16350653.9;16413868.9;746332.7557;773140.8533;465528.7323;486802.9667;11249.59864;4596.228064;4741400.42;9596914.972;9928880.025;12464.04154;13165.475;0;0;370676.8469;380252.13;865.4798211;875539.2567;49887.74154;50357674.6;33291756.33;23378467.33;9913289;0;0.165802126;0.114829671;0.1145;68387.4;14463.13333;14463.13333;14462.73333;5619.366667;8843.366667;0.4;0;51154.76667;51125.56667;51121.5;4.066666667;29.2;2769.5;2769.5;2769.5;0;0;141520.3333;167;67.33333333;99.66666667;0;45.33333333;71.33333333;34.66666667;36.66666667;0;6833.608167;4693.325833;2140.282333;342.7756667;1797.506667;0;951051.3333;4634.133438;387409.6681;416038.9172;392043.8015;386297.5127;412516.939;390931.6462;417151.0725;411404.7837;392005.8961;420635.1452;396640.0296;390893.7408;417113.1671;395527.8742;421747.3005;416001.0118;398659.2667;427288.5158;416038.9172
D06f;ESS (FUSÃƒO);MEDIA-2016-2018;MEDIA-2016-2018D06f;6.859159698;8.460358432;6.61865937;5.371242304;8.751866568;4.402902349;1530.363846;2044.674788;0.710043756;947204.3333;35;2558.666667;944610.6667;4172253.902;2185930.676;335404.4895;1438172.689;2427604.513;0.007744537;0.227864161;0.764391302;1.000278353;206471260.5;208608924.7;206430.4781;97779308.35;99246972.17;13847287.53;13935311.91;85854296.77;87353003.9;862699.2817;864152.13;1080076.505;1074052.817;6087070.609;6135431.773;402895.2769;408489.2367;557626.196;572035.2267;6194.940138;810.9223028;833885.5467;2775344.247;5616438.53;0;0;5299264.195;10724072.03;1418.309579;2870.22;314.3421997;318996.1929;-1758.710744;-1794344.963;14803434.39;7232261.333;7571173.057;0;0.022466854;0.020616115;0.00642;28875.06667;6482.866667;6482.866667;6482.866667;4461.133333;2021.733333;0;0;22334.23333;22207.83333;21952.9;254.9333333;126.4;57.96666667;0;0;0;57.96666667;31956;77;24;19.66666667;0;49;40;10;30;0;3069.105167;1491.036833;1578.068333;197.5416667;1380.526667;0;384633.6667;1394.724873;204986.1095;202805.7958;206380.8344;203455.7457;202941.4347;204850.4706;204336.1596;201411.0709;205797.0318;203616.7181;207191.7567;204266.668;203752.357;205661.3929;205147.0819;202221.9932;211181.0497;209000.7359;202805.7958
D56;FORCEL;MEDIA-2016-2018;MEDIA-2016-2018D56;2.763333333;9.666666667;6.333333333;3.716666667;9;4;-9.887143809;-68.66143184;0.346925926;7602.666667;0;27;7575.666667;62365.02767;28838.11352;0;41027.876;21337.15167;0;0.378445544;0.621554456;1.060218594;4569979.916;4642667.163;4323.969117;3781011.885;3845850.27;144991.8483;145971.11;548897.1665;555794.41;27906.74756;27870.86667;67172.2691;67180.50667;0;0;0;0;0;0;0;0;0;0;0;0;0;0;0;0;0;1.26110855;1323.554313;-48.52277666;-49606.32667;137179.3333;0;137179.3333;0;0.044287845;0.020650579;0;439.7;148.6333333;148.6333333;148.6333333;148.6333333;0;0;0;291.0666667;291.0666667;291.0666667;0;0;0;0;0;0;0;542;0;0;0;0;0.333333333;0;0;0;0;20.45;20.45;0;0;0;0;0.333333333;0.000692862;4276.707449;4355.256718;4276.708142;4286.594593;4345.368881;4286.595286;4345.369574;4355.256025;4276.707449;4355.256718;4276.708142;4286.594593;4345.368881;4286.595286;4345.369574;4355.256025;4276.707449;4355.256718;4355.256718
D57;HIDROPAN;MEDIA-2016-2018;MEDIA-2016-2018D57;6.686666667;13.33333333;7.666666667;7.726666667;11.33333333;4.333333333;-43.82713235;-237.9551208;0.590378233;18300.66667;0;81.33333333;18219.33333;111513.871;55615.86704;0;56027.73367;55486.13733;0;0.152479489;0.847520511;1.060218594;8086942.907;8198066.077;7673.751988;5773236.308;5885450.72;447340.3976;449641.9533;1522035.63;1544950.747;42795.07738;43110.36;52494.0604;52590.41333;220969.6925;222321.8833;9893.831597;10275.62;18177.90821;18674.49;5.206969627;5.206969627;5500;0;0;0;0;0;0;0;0;0;0;143.2031849;143853.7667;257155.3333;0;257155.3333;0;0.035857421;0.021798669;0.006;544.6;279.0333333;279.0333333;279.0333333;279.0333333;0;0;0;224.7666667;224.7666667;224.7666667;0;0;40.8;40.8;40.8;0;0;484.6666667;1;1;0;0;0.666666667;1;1;0;0;57.1275;32.1275;25;25;0;0;15129.33333;59.85288244;7816.955173;8158.590309;7876.808056;7860.782306;8054.910294;7920.635188;8114.763176;8098.737426;7822.162143;8163.797278;7882.015025;7865.989275;8060.117264;7925.842158;8119.970146;8103.944396;7822.162143;8163.797278;8158.590309
D58;IENERGIA;MEDIA-2016-2018;MEDIA-2016-2018D58;9.446666667;11;11;8.656666667;10;6.666666667;-42.95281081;-908.765162;0.862227273;35072.33333;0;148.6666667;34923.66667;266810.251;132841.9982;0;135245.3237;131564.9273;0;0.344282681;0.655717319;1.060218594;18173437.42;18287890.65;17253.22665;13283434.1;13510322.7;1208207.247;1208570.647;2865707.278;2902561.918;36938.5468;37511.85667;85665.54808;85530.27;544033.3851;543393.26;40204.61879;41503.03;109246.6954;112906.252;229.5145231;98.79630647;103487.62;196077.3251;205753.8;0;0;0;0;0;0;21.65980942;21925.26676;169.1018817;172751.92;830285.6667;0;830285.6667;0;0.089734638;0.032497349;0.023;2266.766667;848;848;848;848;0;0;0;1418.766667;1418.766667;1418.766667;0;0;0;0;0;0;0;2990.333333;0;0;0;0;0.333333333;0;0;0;0;103.1783333;103.1783333;0;0;0;0;20113;91.72735699;17443.98834;18487.43367;17535.7157;17486.94115;18352.7535;17578.66851;18444.48086;18395.70631;17542.78465;18586.22998;17634.512;17585.73746;18451.54981;17677.46482;18543.27717;18494.50262;17673.50286;18716.94819;18487.43367
D43;JOAOCESA;MEDIA-2016-2018;MEDIA-2016-2018D43;2.056666667;10;7.333333333;2.333333333;8.666666667;5.666666667;5.244551628;3.055930844;0.236560185;3655.333333;0;9.666666667;3645.666667;17196.51267;10398.30066;0;5456.576667;11739.936;0;0.214430894;0.785569106;1.060218594;2135810.964;2166179.187;2024.335314;1647929.854;1675403.843;60769.47438;61101.05667;306494.3858;308056.4767;2584.34362;2596.843333;9138.60464;9180.746667;108894.3018;109840.22;0;0;0;0;0;0;0;0;0;0;0;0;0;0;0;0;0;10.54614886;10584.8;25919;0;25919;0;0.022607236;0.021988181;0.0154;70.3;46.96666667;46.96666667;46.96666667;46.96666667;0;0;0;23.33333333;23.33333333;23.33333333;0;0;0;0;0;0;0;53;0.666666667;0.666666667;0;0;0.333333333;0;0;0;0;3.26;3.26;0;0;0;0;75;0.169444987;2034.881463;2026.750426;2035.050908;2029.636912;2031.825532;2029.806357;2031.994977;2026.580981;2034.881463;2026.750426;2035.050908;2029.636912;2031.825532;2029.806357;2031.994977;2026.580981;2034.881463;2026.750426;2026.750426
D60;LIGHT;MEDIA-2016-2018;MEDIA-2016-2018D60;9.54;8.553333333;5.626666667;5.39;6.193333333;3.903333333;910.5248767;-151130.3115;0.99000198;3892924.333;64.66666667;6573.333333;3886286.333;27999151.87;11773548.79;7587325.264;6201163.993;14210662.61;0.099734391;0.22267272;0.677592889;1.000278353;948475590.7;959018852.4;948251.0105;343814253.9;349633094.8;17460953.08;17587382.83;489827184.7;498393913.4;2658421.059;2674441.06;18792229.49;19113759.74;71163751.42;71616260.63;2038380.799;2057051.507;2720416.312;2697347.873;105114.4258;9228.982344;9433001.21;137603102.7;143062856.2;1961800.412;2036569.995;0;0;4263262.128;4335795;2923.349877;2960632.343;58288.60915;58085405.12;104467416.7;76219958.67;28247458;0;0.535754651;0.399318997;0.3606;46000.93333;20339.03333;20339.03333;18808;11499.43333;7308.566667;1531.033333;0;23640.2;23538.8;19305.26667;4233.533333;101.4;2021.7;2021.7;2021.7;0;0;97071.33333;292.6666667;0;292.6666667;3;137.3333333;95;0;95;1;21539.6675;11735.58417;9804.083333;0;9804.083333;200;4793559.667;32228.6007;1009462.97;1191911.357;1041691.57;1008552.445;1160593.281;1040781.045;1192821.882;1159682.756;1018691.952;1201140.339;1050920.553;1017781.427;1169822.263;1050010.028;1202050.864;1168911.739;1114577.395;1297025.783;1191911.357
D61;MUXFELDT;MEDIA-2016-2018;MEDIA-2016-2018D61;4.2;9.333333333;7;3.963333333;8.333333333;4.333333333;-5.913163383;151.5412542;0.459384259;11343.33333;0;28.66666667;11314.66667;67815.383;33593.07849;0;34653.42467;33161.95833;0;0.288688267;0.711311733;1.060218594;2707249.794;2746436.893;2577.315845;1895683.943;1930778.963;198770.1123;198191.96;401301.3235;411460.96;11509.87625;11576.4;12377.22786;12416.63667;180301.378;182011.9733;7305.933909;7575.673333;0;0;0;0;0;0;0;0;0;0;0;0;0;0;0;95.72893282;95252.74667;97080.33333;0;97080.33333;0;0.003852391;0.020884954;0.019;194.0666667;112.2666667;112.2666667;112.2666667;82.26666667;30;0;0;81.8;81.8;81.8;0;0;0;0;0;0;0;196.6666667;0;0;0;0;1;0;0;0;0;18.24666667;18.24666667;0;0;0;0;3571.333333;4.86842064;2673.044778;2532.285108;2677.913198;2678.957941;2521.503524;2683.826362;2526.371944;2527.416687;2673.044778;2532.285108;2677.913198;2678.957941;2521.503524;2683.826362;2526.371944;2527.416687;2673.044778;2532.285108;2532.285108
D24f;NOVA SC (FUSÃƒO);MEDIA-2016-2018;MEDIA-2016-2018D24f;6.888874324;9.311890685;6.368151597;5.485173163;8.449001263;4.36281853;900.5086354;-6045.433699;0.6932946;443737.3333;17.66666667;1564.333333;442163;2788346.238;1291942.403;201143.0433;1191372.274;1395830.92;0.035493954;0.301178406;0.66332764;1.000278353;122402548.5;123907687.3;122386.4141;51081463.16;52044285.02;9589980.181;9649663.007;54869193.79;55721128.54;261434.5812;261202.93;458988.4839;460604.2033;5738302.065;5770803.613;161579.1806;162124.9867;241607.125;248719.0633;5055.309021;4430.961932;4499251.927;634656.5445;1284348.59;1853.405698;3750.72;0;0;300010.6833;607128.85;218.3162356;217990.6922;10638.32195;10618111.05;11802113.33;6006538;5795575.333;0;0.05544331;0.024772078;0.00994;22191;4849.833333;4849.833333;4841.333333;3415.566667;1425.766667;8.5;0;17341.16667;17336.56667;17329.23333;7.333333333;4.6;0;0;0;0;0;32979.33333;31;21;18;5.333333334;65.33333333;19.33333333;17;13.33333333;1;2533.627;1613.985333;919.6416667;263.625;781.7666667;150;244743.5;1683.152536;133243.0523;140071.1299;134926.2049;132342.5437;139288.486;134025.6962;140971.6386;138387.9774;137674.0143;144502.0919;139357.1668;136773.5056;143719.448;138456.6582;145402.6005;142818.9393;138298.3613;145126.4389;140071.1299
D01f;RGE SUL;MEDIA-2016-2018;MEDIA-2016-2018D01f;15.36338354;11.83663847;10.57645458;7.409581265;9.134351418;6.351666667;2787.97647;-41247.21083;1.052398655;2814617;73.66666667;12926.33333;2801617;18575217.12;8159047.44;2455856.144;7309857.885;8809503.092;0.020115881;0.348508562;0.631375557;1.060218594;629810690.5;636922239.1;598905.764;295965143.2;300786024.6;52440996.62;52822833.14;246830629.9;251062528;1602472.123;1609483.55;2543632.691;2556342.147;27750001.93;28085027.68;1272571.436;1283953.113;1405242.61;1422725.657;58799.1178;27344.81594;28124971.6;37495890.5;38925157.47;3526519.043;3724626.885;0;0;6159043.232;6485418.61;1805.653365;1827132.955;97018.30185;98002275.51;58115946.67;20953057;37162889.67;0;0.074617083;0.03429767;0.0563;148403.2;50350.83333;50350.83333;50338.13333;43114.93333;7223.2;12.7;0;98052.36667;98024.96667;98024.96667;0;27.4;0;0;0;0;0;173509.3333;252;197.6666667;54.33333333;0;95.66666667;136.6666667;105;31.66666667;0;11650.022;6616.1205;5022.333333;3478.425;1543.908333;0;4350089.667;33743.50002;697729.7192;769932.4536;731473.2192;694941.7427;738976.9301;728685.2428;772720.4301;736188.9536;725074.5352;797277.2695;758818.0352;722286.5587;766321.746;756030.0587;800065.246;763533.7695;756528.837;828731.5714;769932.4536
D49;SANTAMARIA;MEDIA-2016-2018;MEDIA-2016-2018D49;7.113333333;12.16333333;10.37;4.973333333;9.503333333;6.483333333;277.068462;-487.0945707;0.554300743;109994;0;228.6666667;109765.3333;510453.9363;342654.8393;0;120745.125;389708.8113;0;0.175078466;0.824921534;1.000278353;37710387.12;38238786.22;37705.32097;23669334.62;24105205.02;2894072.824;2909992.517;7596053.863;7730045.147;570214.7926;572766.44;976037.8669;974673.7167;1933641.658;1946103.38;57727.04335;57545.19;13304.4527;13661.66667;75.91444893;6.962892327;7354.74;102335.0831;105849.435;0;0;1092.251818;1153.72;0;0;35.18956267;36275.60398;763.7288198;772298.3667;583019.3333;0;583019.3333;0;0.058171532;0.034525079;0.0323;7847.333333;728.2;728.2;728.2;595.7333333;132.4666667;0;0;7049.333333;7049.333333;7048.933333;0.4;0;69.8;69.8;69.8;0;0;16072;14;8;6;0;6;6;4;2;0;788.9566667;376.9566667;412;205;207;0;39124.66667;183.318645;38504.23935;38897.58411;38687.558;38227.17089;38991.33392;38410.48954;39174.65257;38714.26546;38511.20224;38904.547;38694.52089;38234.13378;38998.29682;38417.45243;39181.61546;38721.22835;38580.1538;38973.49856;38897.58411
D63;SULGIPE;MEDIA-2016-2018;MEDIA-2016-2018D63;10.47;17.55333333;13.7;7.326666667;10.75;6.89;-210.1402511;-697.1272396;0.63830331;145274.6667;4.333333333;139.6666667;145130.6667;378732.5527;185617.1848;86920.80933;80241.69;211570.0533;0.035178987;0.16426951;0.800551503;0.859874586;39475890.5;39464099.52;44854.40669;27111166.75;27575909.94;3529763.093;3538028.4;5899542.745;5996377.583;115523.0107;118093.7267;405472.1411;407228.48;1803560.318;1828461.387;43283.34172;44220.98333;567579.1013;578680.3533;191.5485659;113.60661;120000;1893.443501;2000;0;0;8283.815315;8750;106735.675;108000;0;0;1447.310298;1435017.31;741502.3333;369486;372016.3333;0;0.101724843;0.052368696;0.0332;8214.733333;2853;2853;2853;2638.666667;214.3333333;0;0;5159.666667;5159.666667;5159.666667;0;0;202.0666667;202.0666667;202.0666667;0;0;9837.333333;17;17;0;0;2;6;6;0;0;275.37;150.37;125;125;0;0;62290.66667;136.7579682;46301.71699;47345.74245;46438.47496;46511.85724;46998.84423;46648.61521;47135.6022;47208.98448;46415.3236;47459.34906;46552.08157;46625.46385;47112.45084;46762.22182;47249.20881;47322.59109;46493.26555;47537.29101;47345.74245
D64;UHENPAL;MEDIA-2016-2018;MEDIA-2016-2018D64;15.29;16;17.33333333;8.876666667;12;9.333333333;-77.82600211;617.8141525;0.850714747;15769.33333;0;45.66666667;15723.66667;67423.379;47832.80096;0;14176.358;53247.021;0;0.138471412;0.861528588;1.060218594;6163703.517;6245765.05;5867.744413;4245938.495;4321205.143;473245.9263;477419.38;958195.6636;972781.6667;5590.032777;5573.46;46334.08955;46746.79;420302.3669;422038.61;13389.96213;13944.36667;706.9803811;733.0033333;153.3841833;75.20822765;78518.55667;117263.9334;123863.145;0;0;0;0;0;0;1.973155814;2072.482619;77.91017254;79488.83;84189;0;84189;0;0.02191428;0.02046515;0.0087;1633.5;548.8666667;548.8666667;548.8666667;548.8666667;0;0;0;1084.633333;1084.633333;1084.633333;0;0;0;0;0;0;0;1779.666667;3;3;0;0;4;2;2;0;0;72.10716667;43.98216667;28.125;28.125;0;0;22196;71.97788712;5947.627741;5479.617478;6019.605628;6025.453743;5329.813589;6097.43163;5401.791476;5407.639591;6022.835969;5554.825705;6094.813856;6100.661971;5405.021816;6172.639858;5476.999703;5482.847818;6101.011924;5633.001661;5479.617478